feature,importance
year,0.00048660382
month_num,0.29648995
quarter,0.0
category_encoded,0.0034580955
lag_1,0.00039878738
lag_2,0.463034
lag_3,0.001107771
rolling_3,0.23502478
